Type,Folder,File Name,Sidebar Seq,Artist,First Name,First Name First,Last Name First,Artist File Name,Artist Link,Item Title,Minor Title,No. of Great Songs,Item File Name,Image Name,Image Width,Image Height,ID,ID Length,Item Link,Pub Date,Seq,Rating,Album Type,Contains Track?,Track File Name,5 Star Sort Key,Rep. Album?,Home Page?,Bibliographic ID,Publisher,Pub City,Blurb,
albums,,,,Band,The,The Band,"Band, The",band,band.html,To Kingdom Come,,,to_kingdom_come,to_kingdom_come.jpg,130,130,B000006SOX,10,,1989,,5,Compilation,Yes,king_harvest,CBand1989,,Yes,,,,,
albums,,,,Band,The,The Band,"Band, The",band,band.html,Greatest Hits,,,band_hits,band_hits.jpg,130,130,B00004YL5D,10,,2000,,4,Compilation,Yes,king_harvest,CBand2000,,Yes,,,,,
albums,elements,overview,E,Band,The,The Band,"Band, The",band,band.html,Music from Big Pink,,,big_pink,big_pink.jpg,130,130,B00004W50T,10,,1968,,5,Original,,,O1968Band,,Yes,,,,,
albums,closing,epilogue,A,Band,The,The Band,"Band, The",band,band.html,The Band,,,the_band,the_band.jpg,130,130,B00004W510,10,,1969,,5,Original,Yes,king_harvest,O1969Band,Yes,Yes,,,,,
albums,,,,Beach Boys,The,The Beach Boys,"Beach Boys, The",beach_boys,beach_boys.html,Good Vibrations,,,good_vibes,good_vibes.jpg,123,130,B000002UR4,10,,1993,,5,Compilation,No,,CBeach Boys1993,,No,,,,,
albums,,,,Beach Boys,The,The Beach Boys,"Beach Boys, The",beach_boys,beach_boys.html,Greatest Hits-Vol. 1,,,bbhits1,bbhits1.jpg,130,129,B00001IVJY,10,,1999,,5,Compilation,No,,CBeach Boys1999,,Yes,,,,,
albums,,,,Beach Boys,The,The Beach Boys,"Beach Boys, The",beach_boys,beach_boys.html,Greatest Hits-Vol. 2,,,bbhits2,bbhits2.jpg,129,130,B00001IVJW,10,,1999,,4,Compilation,No,,CBeach Boys1999,,Yes,,,,,
albums,,,,Beach Boys,The,The Beach Boys,"Beach Boys, The",beach_boys,beach_boys.html,Greatest Hits-Vol. 3,,,bbhits3,bbhits3.jpg,130,128,B000040OVX,10,,2000,,3,Compilation,No,,CBeach Boys2000,,Yes,,,,,
albums,,,,Beach Boys,The,The Beach Boys,"Beach Boys, The",beach_boys,beach_boys.html,Surfin' Safari/Surfin' USA,,,surfin_safari,surfin_safari.jpg,130,130,B00005A1MT,10,,1962,,3,Original,No,,O1962Beach Boys,,Yes,,,,,
albums,,,,Beach Boys,The,The Beach Boys,"Beach Boys, The",beach_boys,beach_boys.html,"Surfer Girl/Shut Down, Vol. 2",,,surfer_girl,surfer_girl.jpg,128,130,B00005A1MU,10,,1963,A,3,Original,No,,O1963Beach BoysA,,Yes,,,,,
albums,,,,Beach Boys,The,The Beach Boys,"Beach Boys, The",beach_boys,beach_boys.html,Little Deuce Coupe/All Summer Long,,,little_deuce,little_deuce.jpg,130,130,B00005A1MX,10,,1963,B,3,Original,No,,O1963Beach BoysB,,Yes,,,,,
albums,closing,epilogue,B,Beach Boys,The,The Beach Boys,"Beach Boys, The",beach_boys,beach_boys.html,Today/Summer Days (And Summer Nights),,,summer_days,summer_days.jpg,129,130,B00005A1N2,10,,1965,,4,Original,No,,O1965Beach Boys,,Yes,,,,,
albums,,,,Beach Boys,The,The Beach Boys,"Beach Boys, The",beach_boys,beach_boys.html,Pet Sounds,,,pet_sounds,pet_sounds.gif,130,130,B00005ASHM,10,,1966,,5,Original,No,,O1966Beach Boys,,Yes,,,,,
albums,,,,Beach Boys,The,The Beach Boys,"Beach Boys, The",beach_boys,beach_boys.html,Smiley Smile/Wild Honey,,,smile_honey,smile_honey.jpg,130,128,B00005ABX0,10,,1967,,3,Original,No,,O1967Beach Boys,,Yes,,,,,
albums,,,,Beach Boys,The,The Beach Boys,"Beach Boys, The",beach_boys,beach_boys.html,Friends/20-20,,,friends,friends.jpg,130,128,B00005ABWY ,11,,1968,,3,Original,No,,O1968Beach Boys,,Yes,,,,,
albums,elements,words,F,Beach Boys,The,The Beach Boys,"Beach Boys, The",beach_boys,beach_boys.html,Sunflower/Surf's Up,,,sunflower,sunflower.jpg,130,130,B00004TJXS ,11,,1970,,5,Original,Yes,its_about_time,O1970Beach Boys,Yes,Yes,,,,,
albums,elements,summary,B,Beach Boys,The,The Beach Boys,"Beach Boys, The",beach_boys,beach_boys.html,Carl &amp; The Passions - So Tough/Holland,,,carl_passions,carl_passions.jpg,130,130,B00004TJXT,10,,1972,,4,Original,No,,O1972Beach Boys,,Yes,,,,,
albums,,,,Beatles,The,The Beatles,"Beatles, The",beatles,beatles.html,Past Masters Vol. 1,,,past_masters_1,past_masters_1.jpg,130,130,B000002USY,10,,1988,,5,Compilation,,,CBeatles1988,,Yes,,,,,
albums,,,,Beatles,The,The Beatles,"Beatles, The",beatles,beatles.html,Past Masters Vol. 2,,,past_masters_2,past_masters_2.gif,130,130,B000002USZ,10,,1988,,5,Compilation,Yes,rain,CBeatles1988,Yes,Yes,,,,,
albums,,,,Beatles,The,The Beatles,"Beatles, The",beatles,beatles.html,1,,,1,1.jpg,130,130,B00004ZAV3,10,,2000,,5,Compilation,,,CBeatles2000,,Yes,,,,,
albums,,,,Beatles,The,The Beatles,"Beatles, The",beatles,beatles.html,Please Please Me,,,please_please_me,please_please_me.jpg,130,130,B000002UA9,10,,1963,,4,Original,,,O1963Beatles,,Yes,,,,,
albums,intro,purpose,A,Beatles,The,The Beatles,"Beatles, The",beatles,beatles.html,With the Beatles,,,with_the_beatles,with_the_beatles.jpg,130,130,B000002UAC,10,,1964,A,4,Original,,,O1964BeatlesA,,Yes,,,,,
albums,elements,records_out,H,Beatles,The,The Beatles,"Beatles, The",beatles,beatles.html,Hard Day's Night,,,hard_days_night,hard_days_night.jpg,130,130,B000002UAF,10,,1964,B,4,Original,,,O1964BeatlesB,,Yes,,,,,
albums,elements,big_beat,C,Beatles,The,The Beatles,"Beatles, The",beatles,beatles.html,Beatles for Sale,,,beatles_for_sale,beatles_for_sale.jpg,130,130,B000002UAI,10,,1964,C,3,Original,,,O1964BeatlesC,,Yes,,,,,
albums,closing,epilogue,C,Beatles,The,The Beatles,"Beatles, The",beatles,beatles.html,Help,,,help,help.jpg,130,130,B000002UAL,10,,1965,A,4,Original,,,O1965BeatlesA,,Yes,,,,,
albums,elements,records_in,B,Beatles,The,The Beatles,"Beatles, The",beatles,beatles.html,Rubber Soul,,,rubber_soul,rubber_soul.gif,130,130,B000002UAO,10,,1965,B,5,Original,,,O1965BeatlesB,,Yes,,,,,
albums,elements,overview,B,Beatles,The,The Beatles,"Beatles, The",beatles,beatles.html,Revolver,,,revolver,revolver.jpg,130,130,B000002UAR,10,,1966,,5,Original,,,O1966Beatles,,Yes,,,,,
albums,elements,liberation,A,Beatles,The,The Beatles,"Beatles, The",beatles,beatles.html,Sgt. Peppers Lonely Hearts Club Band,,,sgt_peppers,sgt_peppers.gif,130,130,B000002UAU,10,,1967,A,5,Original,,,O1967BeatlesA,,Yes,,,,,
albums,elements,collaboration,C,Beatles,The,The Beatles,"Beatles, The",beatles,beatles.html,Magical Mystery Tour,,,magical_mystery_tour,magical_mystery_tour.jpg,130,130,B000002UDB,10,,1967,B,4,Original,,,O1967BeatlesB,,Yes,,,,,
albums,elements,basics,B,Beatles,The,The Beatles,"Beatles, The",beatles,beatles.html,Beatles,,,white_album,white_album.gif,130,130,B000002UAX,10,,1968,,4,Original,,,O1968Beatles,,Yes,,,,,
albums,elements,records_out,B,Beatles,The,The Beatles,"Beatles, The",beatles,beatles.html,Abbey Road,,,abbey_road,abbey_road.jpg,130,130,B000002UB3,10,,1969,,5,Original,,,O1969Beatles,,Yes,,,,,
albums,elements,technology,F,Beck,Jeff,Jeff Beck,"Beck, Jeff",,,The Best of Jeff Beck,,,best_of_beck,best_of_beck.jpg,130,130,B000006X4S,10,,2007,,5,Compilation,No,,,,No,,,,,
albums,elements,electricity,C,Beck,Jeff,Jeff Beck,"Beck, Jeff",,,Truth,,,truth,truth.jpg,130,130,B000I0QKDS,10,,1968,,,Original,No,,,,No,,,,,
albums,elements,records_out,C,Beethoven,Lidwig,Ludwig Beethoven,"Beethoven, Ludwig",,,Complete Works,,,beethoven,beethoven.jpg,130,130,B000VBNRE4,10,,,,,,,,,,,,,,,
albums,elements,words,F,Berry,Chuck,Chuck Berry,"Berry, Chuck",chuck_berry,chuck_berry.html,The Definitive Collection,,,chuck_berry_definitive,chuck_berry_definitive.jpg,130,130,B000A2H1D2,10,,2006,,5,Compilation,,school_day,CBerry2006,Yes,Yes,,Chess,,,
albums,closing,epilogue,D,Browne,Jackson,Jackson Browne,"Browne, Jackson",jackson_browne,jackson_browne.html,Late for the Sky,,,late_for_the_sky,late_for_the_sky.jpg,130,130,B000002GXU,10,,1974,,5,Original,Yes,late_for_the_sky,O1974Browne,Yes,No,,,,,
albums,,,,Buffalo Springfield,,Buffalo Springfield,Buffalo Springfield,buffalo_springfield,buffalo_springfield.html,Retrospective,,,retrospective,retrospective.jpg,130,130,B000002IAZ,10,,1969,,5,Compilation,Yes,for_what_its_worth,CBuffalo Springfield1969,,Yes,,,,,
albums,,,,Buffalo Springfield,,Buffalo Springfield,Buffalo Springfield,buffalo_springfield,buffalo_springfield.html,Buffalo Springfield Box Set,,,bs_box,bs_box.jpg,130,130,B00005LB50,10,,2001,,3,Compilation,Yes,for_what_its_worth,CBuffalo Springfield2001,,No,,,,,
albums,,,,Buffalo Springfield,,Buffalo Springfield,Buffalo Springfield,buffalo_springfield,buffalo_springfield.html,Buffalo Springfield,,,buffalo_springfield,buffalo_springfield.jpg,130,130,B000002IAI,10,,1967,A,5,Original,Yes,for_what_its_worth,O1967Buffalo SpringfieldA,Yes,Yes,,,,,
albums,closing,epilogue,E,Buffalo Springfield,,Buffalo Springfield,Buffalo Springfield,buffalo_springfield,buffalo_springfield.html,Again,,,again,again.jpg,130,130,B000002IAM,10,,1967,B,5,Original,No,,O1967Buffalo SpringfieldB,,Yes,,,,,
albums,elements,collaboration,C,Buffalo Springfield,,Buffalo Springfield,Buffalo Springfield,buffalo_springfield,buffalo_springfield.html,Last Time Around,,,last_time_around,last_time_around.gif,130,130,B000002JKX,10,,1968,,5,Original,No,,O1968Buffalo Springfield,,Yes,,,,,
albums,artists,robert_johnson,A,Clapton,Eric,Eric Clapton,"Clapton, Eric",,,Me and Mr. Johnson,,,me_and_mr_johnson,me_and_mr_johnson.jpg,130,130,B0001HAHXW,10,,2004,,,,No,,,,No,,,,,
albums,elements,records_in,A,Coasters,The,The Coasters,"Coasters, The",,,50 Coastin' Classics,,,coasters,coasters.jpg,130,113,B0000032WB,10,,1992,,,Compilation,No,,,,No,,Rhino,,,
albums,elements,records_in,D,Coltrane,John,John Coltrane,"Coltrane, John",,,Live At Birdland,,,live_at_birdland,live_at_birdland.jpg,130,130,B0018RWD68,10,,1963,,,Original,No,,,,No,,Impulse Records,,,
albums,elements,records_out,D,Coltrane,John,John Coltrane,"Coltrane, John",,,My Favorite Things,,,my_favorite_things,my_favorite_things.gif,130,130,B00000348A,10,,1960,,,Original,No,,,,No,,,,,
albums,,,,Cream,,Cream,Cream,cream,cream.html,Those Were The Days,,,those_were_the_days,those_were_the_days.jpg,130,130,B000003TW3,10,,1997,,5,Compilation,Yes,white_room,CCream1997,,Yes,,,,,
albums,,,,Cream,,Cream,Cream,cream,cream.html,Cream - Gold,,,cream_gold,cream_gold.jpg,130,130,B0007RDRFQ,10,,2005,,5,Compilation,Yes,white_room,CCream2005,,Yes,,,,,
albums,closing,epilogue,F,Cream,,Cream,Cream,cream,cream.html,Fresh Cream,,,fresh_cream,fresh_cream.jpg,130,130,B0000067L1,10,,1966,,4,Original,No,,O1966Cream,,Yes,,,,,
albums,elements,technology,C,Cream,,Cream,Cream,cream,cream.html,Disraeli Gears,,,disraeli_gears,disraeli_gears.jpg,130,130,B0000067L2,10,,1967,,5,Original,No,,O1967Cream,,Yes,,,,,
albums,elements,electricity,D,Cream,,Cream,Cream,cream,cream.html,Wheels of Fire,,,wheels_of_fire,wheels_of_fire.jpg,130,130,B0000067L3,10,,1968,,4,Original,Yes,white_room,O1968Cream,Yes,Yes,,,,,
albums,,,,Cream,,Cream,Cream,cream,cream.html,Goodbye,,,goodbye,goodbye.jpg,130,130,B0000067L4,10,,1969,,3,Original,No,,O1969Cream,,Yes,,,,,
albums,elements,words,E,"Crosby, Stills, Nash &amp; Young",,"Crosby, Stills, Nash &amp; Young","Crosby, Stills, Nash &amp; Young",,,Deja Vu,,,deja_vu,deja_vu.jpg,130,130,B000002J0L,10,,1970,,4,Original,No,,"O1970Crosby, Stills, Nash &amp; Young",,No,,,,,
albums,intro,purpose,D,Davis,Miles,Miles Davis,"Davis, Miles",,,In A Silent Way,,,in_a_silent_way,in_a_silent_way.jpg,130,130,B00006GO9Q,10,,1972,,,,No,,,,No,,,,,
albums,elements,liberation,D,Davis,Miles,Miles Davis,"Davis, Miles",,,Kind of Blue,,,kind_of_blue,kind_of_blue.jpg,130,130,B001D08SK0,10,,1958,,5,Original,No,,,,No,,Sony,,,
albums,elements,summary,D,Davis,Miles,Miles Davis,"Davis, Miles",,,Bitches Brew,,,bitches_brew,bitches_brew.jpg,130,118,B00000J7SS,10,,1969,,,Original,No,,,,No,,,,,
albums,elements,technology,H,Derek &amp; the Dominos,,Derek &amp; the Dominos,Derek &amp; the Dominos,dominos,dominos.html,Layla,,,layla,layla.jpg,130,130,B000002G87,10,,1970,,5,Original,Yes,layla,O1970Derek &amp; the Dominos,Yes,Yes,,,,,
albums,elements,big_beat,D,Dylan,Bob,Bob Dylan,"Dylan, Bob",bob_dylan,bob_dylan.html,Highway 61,,,highway_61,highway_61.jpg,130,130,B0000024SI,10,,1965,,5,Original,Yes,like_a_rolling_stone,O1965Dylan,,Yes,,,,,
albums,elements,words,D,Dylan,Bob,Bob Dylan,"Dylan, Bob",bob_dylan,bob_dylan.html,Blonde on Blonde,,,blonde_on_blonde,blonde_on_blonde.jpg,130,130,B0000024OG,10,,1966,,5,Original,No,,O1966Dylan,Yes,Yes,,,,,
albums,elements,records_out,N,Dylan,Bob,Bob Dylan,"Dylan, Bob",bob_dylan,bob_dylan.html,Nashville Skyline,,,nashville_skyline,nashville_skyline.gif,130,130,,0,,1969,,0,Original,No,,O1969Dylan,,Yes,,,,,
albums,,,A,Grateful Dead,,Grateful Dead,Grateful Dead,grateful_dead,grateful_dead.html,Live/Dead,,,live_dead,live_dead.jpg,130,130,B00007LTIJ,10,,1969,,5,Original,No,,O1969Grateful Dead,,Yes,,,,,
albums,elements,voice,B,Grateful Dead,,Grateful Dead,Grateful Dead,grateful_dead,grateful_dead.html,Workingman's Dead,,,workingmans_dead,workingmans_dead.jpg,130,130,B00007LTIK,10,,1970,A,5,Original,No,,O1970Grateful DeadA,,Yes,,,,,
albums,,,C,Grateful Dead,,Grateful Dead,Grateful Dead,grateful_dead,grateful_dead.html,American Beauty,,,american_beauty,american_beauty.jpg,130,130,B00G2IG0XK,10,,1970,B,5,Original,Yes,box_of_rain,O1970Grateful DeadB,Yes,Yes,,,,,
albums,,,D,Grateful Dead,,Grateful Dead,Grateful Dead,grateful_dead,grateful_dead.html,Cornell 5/8/77,,,cornell,cornell.jpg,130,130,B06X3W659N,10,,1977,,5,Original,No,,O1977Grateful Dead,,Yes,,,,,
albums,,,,Hendrix,Jimi,Jimi Hendrix,"Hendrix, Jimi",jimi_hendrix,jimi_hendrix.html,Experience Hendrix: The Best Of Jimi Hendrix,,,experience_hendrix,experience_hendrix.jpg,130,130,B00000DHZJ,10,,1998,,5,Compilation,Yes,watchtower,CHendrix1998,,Yes,,,,,
albums,elements,records_out,M,Hendrix,Jimi,Jimi Hendrix,"Hendrix, Jimi",jimi_hendrix,jimi_hendrix.html,Are You Experienced?,,,are_you_experienced,are_you_experienced.jpg,130,130,B000002P5Y,10,,1967,,5,Original,No,,O1967Hendrix,,Yes,,,,,
albums,elements,electricity,E,Hendrix,Jimi,Jimi Hendrix,"Hendrix, Jimi",jimi_hendrix,jimi_hendrix.html,Axis Bold As Love,,,axis_bold_as_love,axis_bold_as_love.jpg,130,130,B000002P5W,10,,1968,A,5,Original,No,,O1968HendrixA,,Yes,,,,,
albums,elements,technology,G,Hendrix,Jimi,Jimi Hendrix,"Hendrix, Jimi",jimi_hendrix,jimi_hendrix.html,Electric Ladyland,,,electric_ladyland,electric_ladyland.jpg,130,130,B000002P5U,10,,1968,B,5,Original,Yes,watchtower,O1968HendrixB,Yes,Yes,,,,,
albums,,,,Hendrix,Jimi,Jimi Hendrix,"Hendrix, Jimi",jimi_hendrix,jimi_hendrix.html,Voodoo Child,,,voodoo_child,voodoo_child.jpg,130,130,,0,,,,,Original,No,,OHendrix,,Yes,,,,,
albums,elements,records_in,F,Houng Dog Taylor,,Hound Dog Taylor,Hound Dog Taylor,,,Houserockers,,,hound_dog_taylor,hound_dog_taylor.gif,130,130,B00000I02N,10,,1999,,,Compilation,No,,,,No,,Alligator Records,,,
albums,,,,Jefferson Airplane,The,The Jefferson Airplane,"Jefferson Airplane, The",jefferson_airplane,jefferson_airplane.html,The Worst of Jefferson Airplane,,,worst_of_ja,worst_of_ja.jpg,130,130,B000FDFS5E,10,,1970,,5,Compilation,Yes,we_can_be_together,CJefferson Airplane1970,,Yes,,,,,
albums,,,,Jefferson Airplane,The,The Jefferson Airplane,"Jefferson Airplane, The",jefferson_airplane,jefferson_airplane.html,The Essential Jefferson Airplane,,,essential_ja,essential_ja.jpg,130,130,B0007YP17G,10,,2005,,5,Compilation,Yes,we_can_be_together,CJefferson Airplane2005,,Yes,,,,,
albums,,,,Jefferson Airplane,The,The Jefferson Airplane,"Jefferson Airplane, The",jefferson_airplane,jefferson_airplane.html,Jefferson Airplane Takes Off,,,jefferson_airplane_takes_off,jefferson_airplane_takes_off.jpg,130,130,B0000A0DRW,10,,1966,,4,Original,No,,O1966Jefferson Airplane,,Yes,,,,,
albums,elements,big_beat,E,Jefferson Airplane,The,The Jefferson Airplane,"Jefferson Airplane, The",jefferson_airplane,jefferson_airplane.html,Surrealistic Pillow,,,surrealistic_pillow,surrealistic_pillow.jpg,130,130,B0000A0DRY,10,,1967,A,5,Original,No,,O1967Jefferson AirplaneA,,Yes,,,,,
albums,,,,Jefferson Airplane,The,The Jefferson Airplane,"Jefferson Airplane, The",jefferson_airplane,jefferson_airplane.html,After Bathing at Baxter's,,,after_bathing_at_baxters,after_bathing_at_baxters.jpg,130,130,B0000A0DRX,10,,1967,B,4,Original,No,,O1967Jefferson AirplaneB,,Yes,,,,,
albums,,,,Jefferson Airplane,The,The Jefferson Airplane,"Jefferson Airplane, The",jefferson_airplane,jefferson_airplane.html,Crown of Creation,,,crown_of_creation,crown_of_creation.jpg,130,130,B0000A0DRZ,10,,1968,,4,Original,No,,O1968Jefferson Airplane,,Yes,,,,,
albums,closing,epilogue,G,Jefferson Airplane,The,The Jefferson Airplane,"Jefferson Airplane, The",jefferson_airplane,jefferson_airplane.html,Bless Its Pointed Little Head,,,bless_its_pointed_little_head,bless_its_pointed_little_head.jpg,130,130,B00028U6BI,10,,1969,A,3,Original,No,,O1969Jefferson AirplaneA,,Yes,,,,,
albums,elements,electricity,F,Jefferson Airplane,The,The Jefferson Airplane,"Jefferson Airplane, The",jefferson_airplane,jefferson_airplane.html,Volunteers,,,volunteers,volunteers.jpg,130,130,B00028U6B8,10,,1969,B,5,Original,Yes,we_can_be_together,O1969Jefferson AirplaneB,Yes,Yes,,,,,
albums,elements,liberation,B,Johnson,Robert,Robert Johnson,"Johnson, Robert",robert_johnson,robert_johnson.html,Robert Johnson: The Complete Recordings,,,robert_johnson,robert_johnson.gif,130,130,B000002ADN,10,,1990,,5,Compilation,Yes,come_on_in_my_kitchen,CJohnson1990,Yes,Yes,,,,,
albums,elements,overview,C,Kinks,The,The Kinks,"Kinks, The",kinks,kinks.html,Face to Face,,,face_to_face,face_to_face.jpg,130,130,B000007V25,10,,1966,,5,Original,No,,O1966Kinks,,Yes,,,,,
albums,,,,Kinks,The,The Kinks,"Kinks, The",kinks,kinks.html,Something Else,,,something_else,something_else.jpg,130,130,B000002KOC,10,,1967,,4,Original,No,,O1967Kinks,,Yes,,,,,
albums,,,,Kinks,The,The Kinks,"Kinks, The",kinks,kinks.html,The Kinks are the Village Green Preservation Society,,,village_green,village_green.jpg,130,130,B000002KOI,10,,1968,,4,Original,No,,O1968Kinks,,Yes,,,,,
albums,closing,epilogue,G,Kinks,The,The Kinks,"Kinks, The",kinks,kinks.html,Arthur or the Decline and Fall of the British Empire,,,arthur,arthur.jpg,130,130,B000002KON,10,,1969,,5,Original,No,,O1969Kinks,,Yes,,,,,
albums,,,,Kinks,The,The Kinks,"Kinks, The",kinks,kinks.html,"Lola vs. Powerman and the Moneygoround, Part 1",,,lola,lola.gif,130,130,B0000089A1,10,,1970,,4,Original,No,,O1970Kinks,,Yes,,,,,
albums,,,,Kinks,The,The Kinks,"Kinks, The",kinks,kinks.html,Muswell Hillbillies,,,muswell_hillbillies,muswell_hillbillies.jpg,130,130,B0002IQI7E,10,,1971,,5,Original,No,,O1971Kinks,,Yes,,,,,
albums,,,,Kinks,The,The Kinks,"Kinks, The",kinks,kinks.html,Everybody's in Show Biz,,,everybody,everybody.jpg,130,130,B000IONTAG,10,,1972,,5,Original,No,,O1972Kinks,,Yes,,,,,
albums,,,,Kinks,The,The Kinks,"Kinks, The",kinks,kinks.html,Schoolboys in Disgrace,,,schoolboys,schoolboys.jpg,130,130,B0002IQI7Y,10,,1975,,3,Original,Yes,education,O1975Kinks,Yes,Yes,,,,,
albums,,,,Kinks,The,The Kinks,"Kinks, The",kinks,kinks.html,Sleepwalker,,,sleepwalker,sleepwalker.jpg,130,130,B0006U3TYI,10,,1977,,4,Original,No,,O1977Kinks,,Yes,,,,,
albums,elements,voice,,Mitchell,Joni,Joni Mitchell,"Mitchell, Joni",joni_mitchell,joni_mitchell.html,Hits,,,joni_mitchell_hits,joni_mitchell_hits.jpg,130,130,B000002N9Z,10,,1996,,5,Compilation,Yes,,CMitchell1996,Yes,No,,,,,
albums,,,,Mitchell,Joni,Joni Mitchell,"Mitchell, Joni",joni_mitchell,joni_mitchell.html,Clouds,,,clouds,clouds.jpg,130,130,B000002KOJ,10,,1969,,4,Original,No,,O1969Mitchell,,No,,,,,
albums,,,,Mitchell,Joni,Joni Mitchell,"Mitchell, Joni",joni_mitchell,joni_mitchell.html,Ladies of the Canyon,,,ladies_of_the_canyon,ladies_of_the_canyon.jpg,130,130,B000002KOQ,10,,1970,,5,Original,Yes,,O1970Mitchell,,No,,,,,
albums,,,,Mitchell,Joni,Joni Mitchell,"Mitchell, Joni",joni_mitchell,joni_mitchell.html,Blue,,,blue,blue.jpg,130,130,B000002KBU,10,,1971,,5,Original,No,,O1971Mitchell,,No,,,,,
albums,,,,Mitchell,Joni,Joni Mitchell,"Mitchell, Joni",joni_mitchell,joni_mitchell.html,For the Roses,,,for_the_roses,for_the_roses.jpg,130,130,B000002GYQ,10,,1972,,4,Original,No,,O1972Mitchell,,No,,,,,
albums,,,,Mitchell,Joni,Joni Mitchell,"Mitchell, Joni",joni_mitchell,joni_mitchell.html,Court and Spark,,,court_and_spark,court_and_spark.jpg,130,130,B000002GXL,10,,1974,,5,Original,No,,O1974Mitchell,,No,,,,,
albums,,,,Mitchell,Joni,Joni Mitchell,"Mitchell, Joni",joni_mitchell,joni_mitchell.html,Hejira,,,hejira,hejira.jpg,130,130,B000002GYC,10,,1976,,4,Original,No,,O1976Mitchell,,No,,,,,
albums,elements,basics,C,Monkees,The,The Monkees,"Monkees, The",,,The Monkees' Greatest Hits,,,monkees,monkees.jpg,130,130,B0000033O3,10,,,,,,,,,,,,,,,
albums,elements,voice,,Rolling Stones,The,The Rolling Stones,"Rolling Stones, The",rolling_stones,rolling_stones.html,Big Hits: High Tides and Green Grass,,,high_tides,high_tides.jpg,130,130,B00006AW2I,10,,1966,,5,Compilation,No,,CRolling Stones1966,,Yes,,,,,
albums,,,,Rolling Stones,The,The Rolling Stones,"Rolling Stones, The",rolling_stones,rolling_stones.html,"Hot Rocks, 1964 - 1971",,,hot_rocks,hot_rocks.jpg,130,130,B00006EXDM,10,,1972,,5,Compilation,Yes,sympathy,CRolling Stones1972,,Yes,,,,,
albums,,,,Rolling Stones,The,The Rolling Stones,"Rolling Stones, The",rolling_stones,rolling_stones.html,Singles Collection: The London Years,,,london_years,london_years.jpg,130,130,B00006EXED,10,,1989,,5,Compilation,Yes,sympathy,CRolling Stones1989,,Yes,,,,,
albums,elements,records_in,C,Rolling Stones,The,The Rolling Stones,"Rolling Stones, The",rolling_stones,rolling_stones.html,The Rolling Stones,,,the_rolling_stones,the_rolling_stones.jpg,130,130,B00006AW2P,10,,1964,,0,Original,No,,O1964Rolling Stones,,Yes,,,,,
albums,closing,epilogue,H,Rolling Stones,The,The Rolling Stones,"Rolling Stones, The",rolling_stones,rolling_stones.html,Aftermath,,,aftermath,aftermath.jpg,130,130,B00006AW2L,10,,1966,A,4,Original,No,,O1966Rolling StonesA,,Yes,,,,,
albums,elements,records_out,J,Rolling Stones,The,The Rolling Stones,"Rolling Stones, The",rolling_stones,rolling_stones.html,Got Live If You Want It,,,got_live_if_you_want_it,got_live_if_you_want_it.gif,130,130,B00006AW2Q,10,,1966,B,0,Original,No,,O1966Rolling StonesB,,Yes,,,,,
albums,elements,records_out,I,Rolling Stones,The,The Rolling Stones,"Rolling Stones, The",rolling_stones,rolling_stones.html,Beggar's Banquet,,,beggars_banquet,beggars_banquet.gif,130,130,B00006AW2J,10,,1968,,5,Original,Yes,sympathy,O1968Rolling Stones,Yes,Yes,,,,,
albums,elements,records_out,K,Rolling Stones,The,The Rolling Stones,"Rolling Stones, The",rolling_stones,rolling_stones.html,Let It Bleed,,,let_it_bleed,let_it_bleed.jpg,130,130,B00006AW2G,10,,1969,,5,Original,No,,O1969Rolling Stones,,Yes,,,,,
albums,,,,Rolling Stones,The,The Rolling Stones,"Rolling Stones, The",rolling_stones,rolling_stones.html,Sticky Fingers,,,sticky_fingers,sticky_fingers.jpg,130,130,B001WCN23W,10,,1971,,4,Original,No,,O1971Rolling Stones,,Yes,,,,,
albums,elements,basics,D,Rolling Stones,The,The Rolling Stones,"Rolling Stones, The",rolling_stones,rolling_stones.html,Their Satanic Majesties' Request,,,satanic_majesties,satanic_majesties.jpg,130,130,B00006AW2M,10,,1967,,,Original,No,,,No,No,,,,,
albums,,,,Seger,Bob,Bob Seger,"Seger, Bob",bob_seger,bob_seger.html,Greatest Hits,,,seger_hits,seger_hits.jpg,130,130,B000002TSS,10,,1994,,5,Compilation,Yes,turn_the_page,CSeger1994,,Yes,,,,,
albums,,,,Seger,Bob,Bob Seger,"Seger, Bob",bob_seger,bob_seger.html,Beautiful Loser,,,beautiful_loser,beautiful_loser.jpg,130,130,B000006337,10,,1975,,3,Original,No,,O1975Seger,,Yes,,,,,
albums,,,,Seger,Bob,Bob Seger,"Seger, Bob",bob_seger,bob_seger.html,Live Bullet,,,live_bullet,live_bullet.jpg,130,130,B000038A21,10,,1976,A,4,Original,Yes,turn_the_page,O1976SegerA,Yes,Yes,,,,,
albums,elements,voice,,Seger,Bob,Bob Seger,"Seger, Bob",bob_seger,bob_seger.html,Night Moves,,,night_moves,night_moves.jpg,130,130,B000038A23,10,,1976,B,5,Original,No,,O1976SegerB,,Yes,,,,,
albums,,,,Seger,Bob,Bob Seger,"Seger, Bob",bob_seger,bob_seger.html,Stranger in Town,,,stranger_in_town,stranger_in_town.jpg,130,130,B00005OAE6,10,,1978,,5,Original,No,,O1978Seger,,Yes,,,,,
albums,closing,epilogue,I,Seger,Bob,Bob Seger,"Seger, Bob",bob_seger,bob_seger.html,Against the Wind,,,against_the_wind,against_the_wind.jpg,130,130,B00009QGDD,10,,1980,,4,Original,No,,O1980Seger,,Yes,,,,,
albums,,,,Seger,Bob,Bob Seger,"Seger, Bob",bob_seger,bob_seger.html,"Nine Tonight ""Live""",,,nine_tonight_live,nine_tonight_live.jpg,130,130,B000002U94,10,,1981,,3,Original,No,,O1981Seger,,Yes,,,,,
albums,,,,Seger,Bob,Bob Seger,"Seger, Bob",bob_seger,bob_seger.html,The Distance,,,distance,distance.jpg,130,130,B000002U88,10,,1982,,4,Original,No,,O1982Seger,,Yes,,,,,
albums,,,,Seger,Bob,Bob Seger,"Seger, Bob",bob_seger,bob_seger.html,Like A Rock,,,like_a_rock,like_a_rock.jpg,130,130,B000002U9G,10,,1986,,3,Original,No,,O1986Seger,,Yes,,,,,
albums,,,,Seger,Bob,Bob Seger,"Seger, Bob",bob_seger,bob_seger.html,The Fire Inside,,,fire_inside,fire_inside.jpg,130,130,B000002UTV,10,,1991,,3,Original,No,,O1991Seger,,Yes,,,,,
albums,,,,Seger,Bob,Bob Seger,"Seger, Bob",bob_seger,bob_seger.html,It's A Mystery,,,its_a_mystery,its_a_mystery.jpg,130,130,B000002V29,10,,1995,,3,Original,No,,O1995Seger,,Yes,,,,,
albums,elements,records_in,D,Sir Douglas Qunitet,The,The Sir Douglas Quintet,"Sir Douglas Quintet, The",,,Soul Jam,,,soul_jam,soul_jam.jpg,130,130,B00004NKBM,10,,2000,,,Original,No,,,,No,,,,,
albums,elements,words,A,Spector,Phil,Phil Spector,"Spector, Phil",phil_spector,phil_spector.html,Back to Mono,,,back_to_mono,back_to_mono.gif,130,130,B000003BDM,10,,1991,,4,Compilation,Yes,xmas,CSpector1991,,Yes,,,,,
albums,elements,records_out,L,Spector,Phil,Phil Spector,"Spector, Phil",phil_spector,phil_spector.html,A Christmas Gift,,,a_christmas_gift,a_christmas_gift.gif,130,130,B000003BD7,10,,1963,,5,Original,Yes,xmas,O1963Spector,Yes,Yes,,,,,
albums,,,,Springsteen,Bruce,Bruce Springsteen,"Springsteen, Bruce",bruce_springsteen,bruce_springsteen.html,Greatest Hits,,,springsteen_hits,springsteen_hits.jpg,130,130,B000002B30 ,11,,1999,,3,Compilation,No,,CSpringsteen1999,,Yes,,,,,
albums,,,,Springsteen,Bruce,Bruce Springsteen,"Springsteen, Bruce",bruce_springsteen,bruce_springsteen.html,"Greetings from Asbury Park, N.J.",,1,asbury_park,asbury_park.jpg,130,130,B0000024ZT ,11,,1973,A,4,Original,No,,O1973SpringsteenA,,Yes,,,,,
albums,elements,overview,D,Springsteen,Bruce,Bruce Springsteen,"Springsteen, Bruce",bruce_springsteen,bruce_springsteen.html,"The Wild, the Innocent &amp; the E Street Shuffle",,4,wild_and_innocent,wild_and_innocent.jpg,130,130,B000002513 ,11,,1973,B,5,Original,Yes,rosalita,O1973SpringsteenB,Yes,Yes,,,,,
albums,elements,liberation,E,Springsteen,Bruce,Bruce Springsteen,"Springsteen, Bruce",bruce_springsteen,bruce_springsteen.html,Born to Run,,5,born_to_run,born_to_run.jpg,130,130,B00000255F ,11,,1975,,5,Original,No,,O1975Springsteen,,Yes,,,,,
albums,elements,voice,,Springsteen,Bruce,Bruce Springsteen,"Springsteen, Bruce",bruce_springsteen,bruce_springsteen.html,Darkness on the Edge of Town,,7,darkness_on_edge,darkness_on_edge.jpg,130,130,B0000025D0 ,11,,1978,,5,Original,No,,O1978Springsteen,,Yes,,,,,
albums,,,,Springsteen,Bruce,Bruce Springsteen,"Springsteen, Bruce",bruce_springsteen,bruce_springsteen.html,The River,,4,river,river.jpg,130,130,B0000025KI ,11,,1980,,4,Original,No,,O1980Springsteen,,Yes,,,,,
albums,,,,Springsteen,Bruce,Bruce Springsteen,"Springsteen, Bruce",bruce_springsteen,bruce_springsteen.html,Nebraska,,5,nebraska,nebraska.jpg,130,130,B0000025T6 ,11,,1982,,3,Original,No,,O1982Springsteen,,Yes,,,,,
albums,,,,Springsteen,Bruce,Bruce Springsteen,"Springsteen, Bruce",bruce_springsteen,bruce_springsteen.html,Born in the USA,,4,born_in_usa,born_in_usa.jpg,130,130,B0000025UW ,11,,1984,,4,Original,No,,O1984Springsteen,,Yes,,,,,
albums,,,,Springsteen,Bruce,Bruce Springsteen,"Springsteen, Bruce",bruce_springsteen,bruce_springsteen.html,Live 1975 - 1985,,3,live_75_85,live_75_85.jpg,130,130,B000002AJO ,11,,1986,,4,Original,No,,O1986Springsteen,,Yes,,,,,
albums,,,,Springsteen,Bruce,Bruce Springsteen,"Springsteen, Bruce",bruce_springsteen,bruce_springsteen.html,Tunnel of Love,,2,tunnel_of_love,tunnel_of_love.jpg,130,130,B0000026E5 ,11,,1987,,3,Original,No,,O1987Springsteen,,Yes,,,,,
albums,,,,Springsteen,Bruce,Bruce Springsteen,"Springsteen, Bruce",bruce_springsteen,bruce_springsteen.html,The Rising,,2,rising,rising.jpg,130,130,B000069HKH ,11,,2002,,3,Original,No,,O2002Springsteen,,Yes,,,,,
albums,elements,records_out,N,Starr,Ringo,Ringo Starr,"Starr, Ringo",,,Beaucoups of Blues,,,beaucoups_of_blues,beaucoups_of_blues.jpg,130,130,B000006N4I,10,,,,,,,,,,,,,,,
albums,,,,Traffic,,Traffic,Traffic,traffic,traffic.html,Smiling Phases,,,smiling_phases,smiling_phases.jpg,130,130,B000001DTW,10,,1991,,5,Compilation,Yes,you_can_all_join_in,CTraffic1991,,Yes,,,,,
albums,elements,basics,E,Traffic,,Traffic,Traffic,traffic,traffic.html,Feelin' Alright: The Very Best of Traffic,,,feelin_alright,feelin_alright.jpg,130,130,B00004C4QU,10,,2000,,5,Compilation,Yes,you_can_all_join_in,CTraffic2000,,Yes,,,,,
albums,,,,Traffic,,Traffic,Traffic,traffic,traffic.html,Mr. Fantasy,,,mr_fantasy,mr_fantasy.jpg,130,130,B00004WF68,10,,1967,A,4,Original,No,,O1967TrafficA,,Yes,,,,,
albums,,,,Traffic,,Traffic,Traffic,traffic,traffic.html,Heaven Is In Your Mind,,,heaven_in_mind,heaven_in_mind.jpg,130,130,B00004WF69,10,,1967,B,4,Original,No,,O1967TrafficB,,Yes,,,,,
albums,,,,Traffic,,Traffic,Traffic,traffic,traffic.html,Traffic,,,traffic,traffic.jpg,130,130,B000059T1H,10,,1968,,5,Original,Yes,you_can_all_join_in,O1968Traffic,Yes,Yes,,,,,
albums,,,,Traffic,,Traffic,Traffic,traffic,traffic.html,Last Exit,,,last_exit,last_exit.jpg,130,130,B000059T1G,10,,1969,A,3,Original,No,,O1969TrafficA,,Yes,,,,,
albums,,,,Traffic,,Traffic,Traffic,traffic,traffic.html,John Barleycorn Must Die,,,john_barleycorn,john_barleycorn.jpg,130,130,B000059T1E,10,,1970,,4,Original,No,,O1970Traffic,,Yes,,,,,
albums,,,,Traffic,,Traffic,Traffic,traffic,traffic.html,Low Spark of High Heeled Boys,,,low_spark,low_spark.jpg,130,130,B000001FUX,10,,1971,A,4,Original,No,,O1971TrafficA,,Yes,,,,,
albums,,,,Traffic,,Traffic,Traffic,traffic,traffic.html,Welcome to the Canteen,,,welcome_to_canteen,welcome_to_canteen.jpg,130,130,B000001FT7 ,11,,1971,B,,Original,No,,O1971TrafficB,,Yes,,,,,
albums,,,,Traffic,,Traffic,Traffic,traffic,traffic.html,Shoot Out At The Fantasy Factory,,,shoot_out,shoot_out.jpg,130,130,B0000639A3,10,,1973,,,Original,No,,O1973Traffic,,Yes,,,,,
albums,,,,Traffic,,Traffic,Traffic,traffic,traffic.html,When the Eagle Flies,,,when_eagle_flies,when_eagle_flies.jpg,130,130,B0000074JJ,10,,1974,,,Original,No,,O1974Traffic,,Yes,,,,,
albums,,,,Velvet Underground,The,The Velvet Underground,"Velvet Underground, The",velvet_underground,velvet_underground.html,Peel Slowly And See,,,peel_slowly,peel_slowly.jpg,130,130,B000002GM5,10,,1995,,5,Compilation,No,,CVelvet Underground1995,,No,,,,,
albums,,,,Velvet Underground,The,The Velvet Underground,"Velvet Underground, The",velvet_underground,velvet_underground.html,Best of the Velvet Underground,,,best_of_vu_mil,best_of_vu_mil.jpg,130,130,B00004YX3S,10,,2000,,3,Compilation,No,,CVelvet Underground2000,,No,,,,,
albums,,,,Velvet Underground,The,The Velvet Underground,"Velvet Underground, The",velvet_underground,velvet_underground.html,Velvet Underground and Nico,,,vu_and_nico,vu_and_nico.jpg,130,130,B000002G7C,10,,1967,A,4,Original,No,,O1967Velvet UndergroundA,,Yes,,,,,
albums,,,,Velvet Underground,The,The Velvet Underground,"Velvet Underground, The",velvet_underground,velvet_underground.html,White Light/White Heat,,,white_light,white_light.jpg,130,130,B000002G7E,10,,1967,B,4,Original,No,,O1967Velvet UndergroundB,,Yes,,,,,
albums,elements,voice,,Velvet Underground,The,The Velvet Underground,"Velvet Underground, The",velvet_underground,velvet_underground.html,Velvet Underground,,,velvet_underground,velvet_underground.jpg,130,130,B000002G7G,10,,1969,,5,Original,No,,O1969Velvet Underground,,Yes,,,,,
albums,intro,epigraph,B,Velvet Underground,The,The Velvet Underground,"Velvet Underground, The",velvet_underground,velvet_underground.html,Loaded,,,loaded,loaded.jpg,130,130,B000002LVB,10,,1970,,5,Original,Yes,sweet_jane,O1970Velvet Underground,,Yes,,,,,
albums,,,,Velvet Underground,The,The Velvet Underground,"Velvet Underground, The",velvet_underground,velvet_underground.html,1969: Velvet Underground Live,,,vu_live_69,vu_live_69.jpg,130,130,B000001FOD,10,,1974,,2,Original,No,,O1974Velvet Underground,,No,,,,,
albums,,,,Velvet Underground,The,The Velvet Underground,"Velvet Underground, The",velvet_underground,velvet_underground.html,VU,,,vu,vu.jpg,130,130,B000008LZA,10,,1985,,3,Original,No,,O1985Velvet Underground,,No,,,,,
albums,,,,Velvet Underground,The,The Velvet Underground,"Velvet Underground, The",velvet_underground,velvet_underground.html,Another View,,,another_vu,another_vu.jpg,130,130,B000001FJS,10,,1986,,2,Original,No,,O1986Velvet Underground,,No,,,,,
albums,elements,records_out,A,Vincent,Gene,Gene Vincent,"Vincent, Gene",,,Be-Bop-A-Lula,,,be_bop_a_lula,be_bop_a_lula.jpg,130,130,B00000DGZB,10,,1998,,,Compilation,No,,,,No,,,,,
albums,,,,Winchester,Jesse,Jesse Winchester,"Winchester, Jesse",jesse_winchester,jesse_winchester.html,Best of Jesse Winchester,,,best_of_jesse_winchester,best_of_jesse_winchester.gif,130,130,B0000032AN,10,,1989,,3,Compilation,No,,CWinchester1989,,Yes,,,,,
albums,,,,Winchester,Jesse,Jesse Winchester,"Winchester, Jesse",jesse_winchester,jesse_winchester.html,Jesse Winchester Anthology,,,jesse_winchester_anthology,jesse_winchester_anthology.gif,130,130,B0002B691Q,10,,2000,,5,Compilation,Yes,quiet_about_it,CWinchester2000,,Yes,,,,,
albums,intro,purpose,F,Winchester,Jesse,Jesse Winchester,"Winchester, Jesse",jesse_winchester,jesse_winchester.html,Jesse Winchester,,,jesse_winchester,jesse_winchester.gif,130,130,B000CC3S4Q,10,,1970,,5,Original,Yes,quiet_about_it,O1970Winchester,Yes,Yes,,,,,
albums,,,,Winchester,Jesse,Jesse Winchester,"Winchester, Jesse",jesse_winchester,jesse_winchester.html,"Third Down, 110 To Go",,,third_down,third_down.gif,130,130,B000FZDGOM,10,,1972,,4,Original,No,,O1972Winchester,,Yes,,,,,
albums,elements,electricity,B,Yardbirds,The,Yardbirds,"Yardbirds, The",,,Over Under Sideways Down,,,over_under,over_under.jpg,130,130,B000024YFY,10,,1966,,,Original,No,,,,No,,,,,
albums,elements,technology,E,Yardbirds,The,Yardbirds,"Yardbirds, The",,,Ultimate Yardbirds,,,ultimate_yardbirds,ultimate_yardbirds.jpg,130,117,B00005LMXN,10,,2001,,4,Compilation,No,,,,No,,,,,
albums,,,,,,,,,,2400 Fulton,,,2400_fulton,2400_fulton.gif,,,,,,,,,,,,,,,,,,,
albums,,,,,,,,,,Beatles Anim,,,beatles_anim,beatles_anim.gif,,,,,,,,,,,,,,,,,,,
albums,,,,,,,,,,Blind Faith,,,blind_faith,blind_faith.jpg,,,,,,,,,,,,,,,,,,,
albums,,,,,,,,,,Jefferson Airplane Takes Off,,,jefferson_airplane_takes_off,jefferson_airplane_takes_off.jpg,,,,,,,,,,,,,,,,,,,
albums,,,,,,,,,,Let Bleed,,,let_it_bleed,let_it_bleed.gif,,,,,,,,,,,,,,,,,,,
albums,,,,,,,,,,Loaded,,,loaded,loaded.gif,,,,,,,,,,,,,,,,,,,
albums,,,,,,,,,,Muddy Waters,,,muddy_waters,muddy_waters.jpg,,,,,,,,,,,,,,,,,,,
albums,,,,,,,,,,Sinatra Live Paris,,,sinatra_live_in_paris,sinatra_live_in_paris.jpg,,,,,,,,,,,,,,,,,,,
books,elements,summary,A,Blake,William,William Blake,"Blake, William",,,Songs of Innocence and Experience,,,blake,blake.jpg,90,140,0192810898,10,,,,,,,,,,,,,,,
books,,,,Blake,William,William Blake,"Blake, William",,,Blake Complete,,,blake_complete,blake_complete.jpg,,,,,,,,,,,,,,,,,,,
books,intro,purpose,E,Chandler,Raymond,Raymond Chandler,"Chandler, Raymond",,,The Big Sleep,,,big_sleep,big_sleep.jpg,90,140,0394758285,10,,1939,,,,No,,,,No,,Vintage,,,
books,elements,basics,,Frost,Robert,Robert Frost,"Frost, Robert",,,Poetry of Robert Frost,"""The Road Not Taken""",,frost,frost.jpg,92,140,0805005013,10,,1979,,,,No,,,,No,frost,Henry Holt,,,
books,elements,words,B,Ginsberg,Allen,Allen Ginsberg,"Ginsberg, Allen",,,Collected Poems 1947-1997,,,ginsberg,ginsberg.jpg,99,150,0061139750,10,,2007,,,,,,,,No,,Harper,,,
books,closing,reading,C,Goodman,Fred,Fred Goodman,"Goodman, Fred",,,"The Mansion on the Hill: Dylan, Young, Geffen, and Springsteen and the Head-on Collision of Rock and Commerce",,,mansion,mansion.jpg,127,201,0812921135,10,,1997,,,,No,,,,No,goodman,Crown,New York,,
books,intro,epigraph,A,Miller,Henry,Henry Miller,"Miller, Henry",,,Big Sur and the Oranges of Hieronymus Bosch,,,oranges_bosch,oranges_bosch.gif,91,140,0811201074,10,,1957,,,,No,,,,No,miller,New Directions,New York,,
books,elements,big_beat,A,Palmer,Robert,Robert Palmer,"Palmer, Robert",,,Rock &amp; Roll: An Unruly History,,,unruly_history,unruly_history.jpg,85,140,0517700506,10,,1995,,,,No,,,,No,palmer,Harmony Books,New York,,
books,intro,purpose,C,Yeats,William Butler,William Butler Yeats,"Yeats, William Butler",,,The Collected Poems of W.B. Yeats,,,yeats,yeats.jpg,92,140,0684807319,10,,1996,,,,No,,,,No,,Scribner,,,
books,elements,liberation,E,Zwerin,Mike,Mike Zwerin,"Zwerin, Mike",,,Swing Under the Nazis: Jazz as a Metaphor for Freedom,,,swing_under_nazis,swing_under_nazis.jpg,130,196,0815410751,10,,2000,,,,No,,,,No,,Cooper Square Press,,,
books,elements,collaboration,B,,,,"Beatles, The",,,The Beatles Anthology,,,beatles_anthology,beatles_anthology.jpg,105,140,0811826848,10,,2000,,,,No,,,,No,beatles,Chronicle Books,San Francisco,,
books,closing,reading,C,Boyd,Joe,Joe Boyd,"Boyd, Joe",,,White Bicycles: Making Music in the 1960s,,,white_bicycles,white_bicycles.jpg,130,210,1852429100,10,,2006,,,,No,,,,No,boyd,Serpent's Tail,London,,
books,,,,,,,"Chandler, Raymond",,,The Simple Art of Murder,"""The Simple Art of Murder""",,simple_art_of_murder,,,,0394757653,10,,1950,,,,No,,,,No,chandler,Random House,New York,,
books,,,,,,,"Dylan, Bob",,,"Chronicles, Volume 1",,,dylan_chronicles_1,,,,0743228154,10,,2004,,,,No,,,,No,dylan_chronicles_vol1,Simon &amp; Schuster,New York,,
books,elements,collaboration,C,,,,"Furay, Richie, with John Einarson",,,For What It's Worth: The Story of Buffalo Springfield,,,buffalo_springfield,buffalo_springfield.gif,92,140,1550821849,10,,1997,,,,No,,,,No,furay,Quarry Press,,,
books,elements,collaboration,A,,,,"Helm, Levon, with Stephen Davis",,,This Wheel's On Fire: Levon Helm and the Story of The Band,,,band,band.jpg,95,140,1556524056,10,,1993,,,,No,,,,No,helm,William Morrow and Company,New York,,
books,,,,,,,"Hibbard, Don J., and Kaleialoha, Carol",,,The Role of Rock,,,role_of_rock,,,,0137824580,10,,1983,,,,No,,,,No,hibbard,Prentice-Hall,,,
books,elements,liberation,C,,,,"Litweiler, John",,,The Freedom Principle: Jazz After 1958,,,freedom_principle,freedom_principle.jpg,96,150,0306803771,10,,1990,,,,No,,,,No,litweiler,Da Capo Press,New York,,
books,,,,,,,"MacKenzie, Gordon",,,Orbiting the Giant Hairball: A Corporate Fool's Guide to Surviving with Grace,,,orbiting_hairball,,,,0670879835,10,,1996,,,,No,,,,No,mackenzie,Viking,New York,,
books,,,,,,,"Marcus, Greil",,,Like A Rolling Stone: Bob Dylan at the Crossroads,,,like_a_rolling_stone,,,,1586482548,10,,"20005, 2006",,,,No,,,,No,marcus,PublicAffairs,New York,,
books,,,,,,,"McKeen, William",,,Rock And Roll Is Here To Stay,,,rock_and_roll_here_to_stay,,,,0393047008,10,,2000,,,,No,,,,No,mckeen,W. W. Norton,New York,,
books,intro,why_another_book,,,,,"Miller, James",,,"Flowers in the Dustbin: The Rise of Rock and Roll, 1947-1977",,,flowers_in_the_dustbin,flowers_in_the_dustbin.jpg,123,193,0684808730,10,,1999,,,,No,,,,No,miller_james,Simon &amp; Schuster,New York,,
books,,,,,,,"Morrison, Sterling",,,The Velvet Underground Web Page,"""Reflections in a Lone Star Beer""",,,,,,,0,http://members.aol.com/olandem4/reflections.html,1980,,,,No,,,,No,morrison,,,,
books,,,,,,,"Robbins, Tom",,,Siddhartha,"""Introduction""",,siddhartha,,,,0679643362,10,,2006,,,,No,,,,No,robbins2,The Modern Library,New York,,
books,,,,,,,"Robbins, Tom",,,Wild Ducks Flying Backwards,,,wild_ducks,,,,0553804510,10,,2005,,,,No,,,,No,robbins,Bantam Books,New York,,
books,elements,records_in,E,,,,"Sandford, Christopher",,,"Clapton : Edge of Darkness, Rev. Ed.",,,clapton_darkness,clapton_darkness.gif,90,140,0306808978,10,,1999,,,,No,,,,No,sandford,Da Capo Press,New York,,
books,,,,,,,"Spitz, Bob",,,The Beatles: The Biography,,,beatles_bio,,,,0316803529,10,,2005,,,,No,,,,No,spitz,"Little, Brown and Company",,,
books,artists,jefferson_airplane,A,,,,"Tamarkin, Jeff",,,Got a Revolution! The Turbulent Flight of Jefferson Airplane,,,got_a_revolution,got_a_revolution.jpg,114,175,0671034049,10,,2003,,,,No,,,,No,tamarkin,Atria Books,,,
books,elements,big_beat,C,,,,"Weinberg, Max, with Robert Santelli",,,The Big Beat: Conversations with Rock's Great Drummers,,,big_beat,big_beat.jpg,130,166,0634082752,10,,1984,,,,No,,,,No,weinberg,Contemporary Books,Chicago,,
books,elements,big_beat,B,,,,"Wolfe, Tom",,,The Kandy-Kolored Tangerine-Flake Streamline Baby,"""The First Tycoon of Teen""",,kandy_kolored,kandy_kolored.jpg,130,223,0553380583,10,,1965,,,,No,,,,No,wolfe,Bantam Doubleday Dell,,,
books,,,,,,,,,,Eye Spirit,,,eye_of_spirit,eye_of_spirit.jpg,,,,,,,,,,,,,,,,,,,
books,,,,,,,,,,Fidel,,,fidel,fidel.jpg,,,,,,,,,,,,,,,,,,,
books,,,,,,,,,,Got A Revolution,,,got_a_revolution,got_a_revolution.jpg,,,,,,,,,,,,,,,,,,,
books,,,,,,,,,,Hejira,,,hejira,hejira.jpg,,,,,,,,,,,,,,,,,,,
books,,,,,,,,,,Joni Mitchell Time Cover,,,joni_mitchell_time_cover,joni_mitchell_time_cover.jpg,,,,,,,,,,,,,,,,,,,
books,,,,,,,,,,Kandy Kolored,,,kandy-kolored,kandy-kolored.jpg,,,,,,,,,,,,,,,,,,,
books,,,,,,,,,,Like A Rolling Stone,,,like_a_rolling_stone,like_a_rolling_stone.jpg,,,,,,,,,,,,,,,,,,,
books,,,,,,,,,,Pass Thru Fire,,,pass_thru_fire,pass_thru_fire.jpg,,,,,,,,,,,,,,,,,,,
books,,,,,,,,,,Rsmag,,,rsmag,rsmag.jpg,,,,,,,,,,,,,,,,,,,
books,,,,,,,,,,Simple Art Murder,,,simple_art_of_murder,simple_art_of_murder.jpg,,,,,,,,,,,,,,,,,,,
books,,,,,,,,,,Simple Art Murder 2,,,simple_art_of_murder_2,simple_art_of_murder_2.jpg,,,,,,,,,,,,,,,,,,,
books,,,,,,,,,,Springsteen Songs,,,springsteen_songs,springsteen_songs.gif,,,,,,,,,,,,,,,,,,,
books,,,,,,,,,,Whydie,,,whydie,whydie.gif,,,,,,,,,,,,,,,,,,,
books,,,,,,,,,,Wild Ducks,,,wild_ducks,wild_ducks.jpg,,,,,,,,,,,,,,,,,,,
books,,,,,,,,,,Woman Heart And Mind,,,woman_of_heart_and_mind_dvd,woman_of_heart_and_mind_dvd.jpg,,,,,,,,,,,,,,,,,,,
buttons,,,,,,,,,,Artists,,,artists,artists.gif,,,,,,,,,,,,,,,,,,,
buttons,,,,,,,,,,Closing,,,closing,closing.gif,,,,,,,,,,,,,,,,,,,
buttons,,,,,,,,,,Elements,,,elements,elements.gif,,,,,,,,,,,,,,,,,,,
buttons,,,,,,,,,,Intro,,,intro,intro.gif,,,,,,,,,,,,,,,,,,,
buttons,,,,,,,,,,Outlookmap,,,Outlookmap,Outlookmap.pdf,,,,,,,,,,,,,,,,,,,
buttons,,,,,,,,,,Search,,,search,search.jpg,,,,,,,,,,,,,,,,,,,
buttons,,,,,,,,,,Status,,,status,status.gif,,,,,,,,,,,,,,,,,,,
buttons,,,,,,,,,,Top,,,top,top.gif,,,,,,,,,,,,,,,,,,,
buttons,,,,,,,,,,Tracks,,,tracks,tracks.gif,,,,,,,,,,,,,,,,,,,
buttons,,,,,,,,,,Whatsnew,,,whatsnew,whatsnew.gif,,,,,,,,,,,,,,,,,,,
buttons,,,,,,,,,,Xref,,,xref,xref.gif,,,,,,,,,,,,,,,,,,,
films,elements,records_out,F,Capra,Frank,Frank Capra,"Capra, Frank",,,It's A Wonderful Life,,,its_a_wonderful_life,its_a_wonderful_life.gif,83,140,6304145438,10,,,,,,,,,,,,,,,
films,elements,records_out,H,Godard,Jean Luc,Jean Luc Godard,"Godard, Jean Luc",,,Sympathy For the Devil,,,sympathy_for_devil,sympathy_for_devil.gif,77,140,630326669X,10,,1970,,,,,,,,,,,,,
films,elements,records_out,E,Hawks,Howard,Howard Hawks,"Hawks, Howard",,,To Have And Have Not,,,to_have_and_have_not,to_have_and_have_not.gif,74,140,B000FFJYAW,10,,1944,,,,,,,,,,,,,
films,elements,records_out,G,Hitchcock,Alfred,Alfred Hitchcock,"Hitchcock, Alfred",,,North by Northwest,,,north_by_northwest,north_by_northwest.jpg,95,140,0790749815,10,,,,,,,,,,,,,,,
films,intro,purpose,B,Hitchcock,Alfred,Alfred Hitchcock,"Hitchcock, Alfred",,,Vertigo,,,vertigo,vertigo.gif,77,140,B001CC7PPS,10,,1958,,,,No,,,,No,,,,,
films,elements,summary,C,Sturges,Preston,Preston Sturges,"Sturges, Preston",,,Sullivan's Travels,,,sullivans_travels,sullivans_travels.jpg,112,158,B00005JH9C,10,,,,,,,,,,,,,,,
films,elements,technology,B,,,,"Moorman, Mark",,,Tom Dowd &amp; The Language of Music,,,tom_dowd,tom_dowd.jpg,130,184,B00011ZBOS,10,,2003,,,,No,,,,No,moorman,Palm Pictures,,,
films,closing,author,B,Altman,Robert,Robert Altman,"Altman, Robert",,,The Long Goodbye,,,long_goodbye,long_goodbye.jpg,130,188,B000069HZU,10,,1973,,,,,,,,,,,,,
photos,closing,author,A,Bowie,Herb,Herb Bowie,"Bowie, Herb",,,Herb Bowie,,,herb_at_schlissel_reception,herb_at_schlissel_reception.png,130,176,,,http://www.herbbowie.com,2016,,,,,,,,,,,,,
induction,,,,Springsteen,Bruce,Bruce Springsteen,"Springsteen, Bruce",,,Rock and Roll Hall of Fame Induction,Jackson Browne,,,,,,,0,http://www.rockhall.com/inductee/jackson-browne,2004,,,,No,,,,No,jbinduction,,,,
Liner Notes,,,,,,,"Bowman, Rob",,,Music From Big Pink,,,big_pink,,,,B00004W50T,10,,2000,,,,No,,,,No,bowman,Capitol,,,
Liner Notes,,,,,,,"Bowman, Rob",,,The Band,,,the_band,,,,B00004W510,10,,2000,,,,No,,,,No,bowman_band,Capitol,,,
Liner Notes,,,,,,,"Bowman, Rob",,,To Kingdom Come,,,to_kingdom_come,,,,B000006SOX,10,,1989,,,,No,,,,No,bowman_1989,Capitol,,,
links,,,,Band,The,The Band,"Band, The",band,band.html,Web Site for The Band,,,,,,,,,http://theband.hiof.no/,,,,,,,,,,,,,Great Web site with comprehensive information about this important group.,
links,,,,Beatles,The,Beatles,"Beatles, The",beatles,beatles.html,The Internet Beatles Album,,,,,,,,,http://www.beatlesagain.com,,,,,,,,,,,,,"A great collection of information, provided by Dave Haber.",
links,,,,Berry,Chuck,Chuck Berry,"Berry, Chuck",chuck_berry,chuck_berry.html,ChuckBerry.com,,,,,,,,,http://www.chuckberry.com,,,,,,,,,,,,,This is Chuck Berry's official Web site.,
links,,,,Cream,,Cream,Cream,cream,cream.html,Eddie's Cream Page,,,,,,,,,http://www.angelfire.com/ca/oldtimers/,,,,,,,,,,,,,A  good fan site dedicated solely to Cream.,
links,,,,Cream,,Cream,Cream,cream,cream.html,Rock Magic,,,,,,,,,http://lyrics.rockmagic.net/lyrics/cream/,,,,,,,,,,,,,Lyrics for all the Cream songs.,
links,,,,Dylan,Bob,Bob Dylan,"Dylan, Bob",bob_dylan,bob_dylan.html,Bob Dylan,,,,,,,,,http://www.bobdylan.com,,,,,,,,,,,,,"This is Dylan's official Web site, and has fairly complete information for such a corporate effort.",
links,,,,Dylan,Bob,Bob Dylan,"Dylan, Bob",bob_dylan,bob_dylan.html,The Bringing It All Back Home Page,,,,,,,,,http://www.punkhart.com/dylan/,,,,,,,,,,,,,This is a great fan site provided by John Howells. ,
links,,,,Dylan,Bob,Bob Dylan,"Dylan, Bob",bob_dylan,bob_dylan.html,Expecting Rain,,,,,,,,,http://www.expectingrain.com/,,,,,,,,,,,,,This has links to all the latest news about Dylan. ,
links,,,,Jefferson Airplane,The,Jefferson Airplane,"Jefferson Airplane, The",jefferson_airplane,jefferson_airplane.html,Jefferson Airplane,,,,,,,,,http://www.jeffersonairplane.com/,,,,,,,,,,,,,The band's official Web site.,
links,,,,Jefferson Airplane,The,Jefferson Airplane,"Jefferson Airplane, The",jefferson_airplane,jefferson_airplane.html,Inductee summary from the Rock and Roll Hall of Fame,,,,,,,,,https://rockhall.com/inductees/jefferson-airplane/bio/,,,,,,,,,,,,,Good information about the band.,
links,,,,Jefferson Airplane,The,Jefferson Airplane,"Jefferson Airplane, The",jefferson_airplane,jefferson_airplane.html,LyricWiki.org,,,,,,,,,http://lyricwiki.org/Jefferson_Airplane,,,,,,,,,,,,,Lyrics to the Airplane's songs. ,
links,,,,Winchester,Jesse,Jesse Winchester,"Winchester, Jesse",jesse_winchester,jesse_winchester.html,Jesse Winchester's Studio,,,,,,,,,http://www.jessewinchester.com,,,,,,,,,,,,,"This site is maintained by and for the artist. It has a complete transcription of all his lyrics, plus notes from Winchester.",
links,,,,Johnson,Robert,Robert Johnson,"Johnson, Robert",robert_johnson,robert_johnson.html,Wikipedia,,,,,,,,,http://en.wikipedia.org/wiki/Robert_Johnson_%28musician%29,,,,,,,,,,,,,,
links,,,,Johnson,Robert,Robert Johnson,"Johnson, Robert",robert_johnson,robert_johnson.html,University of Virginia,,,,,,,,,http://xroads.virginia.edu/~MUSIC/rjhome.html,,,,,,,,,,,,,"Good information about Robert Johnson, with a focus on his lyrics.",
links,,,,Rolling Stones,The,The Rolling Stones,"Rolling Stones, The",rolling_stones,rolling_stones.html,Official Rolling Stones site,,,,,,,,,http://www.rollingstones.com,,,,Original,No,,,No,No,,,,The band's official site. ,
links,,,,Rolling Stones,The,The Rolling Stones,"Rolling Stones, The",rolling_stones,rolling_stones.html,Fan Site,,,,,,,,,http://members.chello.nl/~f.dejonge/rs.htm,,,,,,,,,,,,,A great fan's site. ,
links,,,,Spector,Phil,Phil Spector,"Spector, Phil",phil_spector,phil_spector.html,All Music Guide,,,,,,,,,https://www.allmusic.com/artist/phil-spector-mn0000694967,,,,,,,,,,,,,,
links,,,,Traffic,,Traffic,Traffic,traffic,traffic.html,The Official Steve Winwood Web Site,,,,,,,,,http://www.SteveWinwood.com/,,,,,,,,,,,,,"Includes a summary of Winwood's career, including all the various configurations of Traffic, plus lyrics to apparently all of the Traffic songs.",
links,,,,Beach Boys,The,Beach Boys,"Beach Boys, The",beach_boys,beach_boys.html,Unofficial Beach Boys Site,,,,,,,,,http://www.beachboys.com/,,,,,,,,,,,,,A good site with valuable information about the band.,
links,,,,Beach Boys,The,Beach Boys,"Beach Boys, The",beach_boys,beach_boys.html,The Beach Boys,,,,,,,,,http://www.thebeachboys.com/,,,,,,,,,,,,,The band's official site. ,
links,,,,Derek and the Dominos,,Derek and the Dominos,Derek and the Dominos,dominos,dominos.html,Derek and the Dominos,,,,,,,,,http://www.sixtiesrock.com/eric-clapton/derek.html,,,,,,,,,,,,,Great site about this short-lived group.,
links,,,,Derek and the Dominos,,Derek and the Dominos,Derek and the Dominos,dominos,dominos.html,Gareth Davies' Unofficial Eric Clapton Web Site,,,,,,,,,http://www.eric-clapton.co.uk/,,,,,,,,,,,,,"Fairly exhaustive information about EC, including song lyrics and chords.",
links,,,,Velvet Underground,The,The Velvet Underground,"Velvet Underground, The",velvet_underground,velvet_underground.html,The Velvet Underground Web Page,,,,,,,,,http://olivier.landemaine.free.fr/vu/index.html,,,,,,,,,,,,,"Good site with lots of interesting information. Includes discography, interviews, photos, etc.",
links,,,,Velvet Underground,The,The Velvet Underground,"Velvet Underground, The",velvet_underground,velvet_underground.html,Lou Reed's Official Web Site,,,,,,,,,http://www.loureed.org/,,,,,,,,,,,,,"Very artistic site with lots of great content, including Velvet Underground links. ",
links,,,,Springsteen,Bruce,Bruce Springsteen,"Springsteen, Bruce",bruce_springsteen,bruce_springsteen.html,BruceSpringsteen.net,,,,,,,,,http://www.brucespringsteen.net,,,,,,,,,,,,,"This is the official Bruce Springsteen site, maintained by his record company. It manages to combine the expected commercialism with a sense of style and really useful features, such as the ability to search through all of the Boss' song lyrics. The site has a classic, clean look without any overdone graphics effects.",
links,,,,Springsteen,Bruce,Bruce Springsteen,"Springsteen, Bruce",bruce_springsteen,bruce_springsteen.html,Greasy Lake,,,,,,,,,http://www.greasylake.org,,,,,,,,,,,,,"This site bills itself as the ""ultimate Bruce Springsteen tribute page,"" and strives to maintain links to other useful Springsteen sites. Contains interviews with Springsteen, pictures, and loads of other great material.",
links,,,,Kinks,The,Kinks,"Kinks, The",kinks,kinks.html,Dave Emlen's Unofficial Kinks Web Site,,,,,,,,,http://kinks.it.rit.edu/,,,,,,,,,,,,,"Fairly exhaustive information about the band, including song lyrics and chords.",
links,,,,Seger,Bob,Bob Seger,"Seger, Bob",bob_seger,bob_seger.html,The Bob Seger File,,,,,,,,,http://www.segerfile.com/,,,,,,,,,,,,,"Great, exhaustive site by a truly dedicated fan. Lots of pictures, lots of information about his early days, and about music released on LPs but not available on CD.",
links,,,,Seger,Bob,Bob Seger,"Seger, Bob",bob_seger,bob_seger.html,Bob Seger and the Silver Bullet Band Fan Site,,,,,,,,,http://www.segerbob.com/,,,,,,,,,,,,,"Extensive fan site with band information, discography and huge lyric listing.",
links,,,,Browne,Jackson,Jackson Browne,"Browne, Jackson",jackson_browne,jackson_browne.html,Jackson Browne Official Site,,,,,,,,,http://www.jacksonbrowne.com/,,,,,,,,,,,,,The artist's official site.,
links,,,,Browne,Jackson,Jackson Browne,"Browne, Jackson",jackson_browne,jackson_browne.html,The Jackson Browne Fans Page,,,,,,,,,http://www.jrp-graphics.com/jackson_browne.html,,,,,,,,,,,,,"A great fan site, with lyrics, etc.",
links,,,,Grateful Dead,,Grateful Dead,Grateful Dead,grateful_dead,grateful_dead.html,Wikipedia,,,,,,,,,https://en.wikipedia.org/wiki/Grateful_Dead,,,,,,,,,,,,,,
links,,,,Grateful Dead,,Grateful Dead,Grateful Dead,grateful_dead,grateful_dead.html,Official Grateful Dead Site,,,,,,,,,http://www.dead.net,,,,,,,,,,,,,,
links,,,,Grateful Dead,,Grateful Dead,Grateful Dead,grateful_dead,grateful_dead.html,All Music Guide,,,,,,,,,https://www.allmusic.com/artist/grateful-dead-mn0000988440,,,,,,,,,,,,,,
links,,,,Grateful Dead,,Grateful Dead,Grateful Dead,grateful_dead,grateful_dead.html,The Annotated Grateful Dead Lyrics,,,,,,,,,http://artsites.ucsc.edu/GDead/agdl/,,,,,,,,,,,,,,
logos,,,,,,,,,,150px Record,,,150px-Record,150px-Record.jpg,,,,,,,,,,,,,,,,,,,
logos,,,,,,,,,,2 Arete Award Opt,,,02AreteAwardOpt,02AreteAwardOpt.gif,,,,,,,,,,,,,,,,,,,
logos,,,,,,,,,,About,,,about,about.gif,,,,,,,,,,,,,,,,,,,
logos,,,,,,,,,,About Siteweek,,,about_siteweek,about_siteweek.gif,,,,,,,,,,,,,,,,,,,
logos,closing,reading,A,,,,,,,All Music Guide,,,all_music_guide,all_music_guide.gif,127,63,,,http://www.allmusic.com,,,,,,,,,,,,,,
logos,,,,,,,,,,Amazon,,,amazon,amazon.gif,130,60,,,http://www.amazon.com/exec/obidos/redirect-home/reasontorock-20,,,,,,,,,,,,,,
logos,,,,,,,,,,Author 120,,,author_120,author_120.gif,,,,,,,,,,,,,,,,,,,
logos,,,,,,,,,,Author 266,,,author_266,author_266.gif,,,,,,,,,,,,,,,,,,,
logos,,,,,,,,,,Author 380,,,author_380,author_380.gif,,,,,,,,,,,,,,,,,,,
logos,,,,,,,,,,Bronze0603,,,AR_bronze0603,AR_bronze0603.gif,,,,,,,,,,,,,,,,,,,
logos,,,,,,,,,,Btdesign,,,btdesign,btdesign.jpg,,,,,,,,,,,,,,,,,,,
logos,,,,,,,,,,Built With Bbedit 2,,,built_with_bbedit_02,built_with_bbedit_02.gif,,,,,,,,,,,,,,,,,,,
logos,closing,colophon,E,,,,,,,BBEdit,,,barebones ,barebones.jpg,130,130,,,http://www.barebones.com/products/bbedit/,,,,,,,,,,,,,,
logos,,,,,,,,,,Downloadi Tunes,,,DownloadiTunes,DownloadiTunes.gif,,,,,,,,,,,,,,,,,,,
logos,,,,,,,,,,Favicon,,,favicon,favicon.ico,,,,,,,,,,,,,,,,,,,
logos,,,,,,,,,,Favicon,,,favicon,favicon.jpg,,,,,,,,,,,,,,,,,,,
logos,,,,,,,,,,Focrwebring,,,focrwebring,focrwebring.jpg,,,,,,,,,,,,,,,,,,,
logos,closing,reading,B,,,,,,,Gracenote,,,gracenote,gracenote.gif,105,34,,,http://www.gracenote.com,,,,,,,,,,,,,,
logos,closing,colophon,F,,,,,,,GraphicConverter,,,graphicconverter,graphicconverter.jpg,130,110,,,http://www.lemkesoft.com/,,,,,,,,,,,,,,
logos,,,,,,,,,,Heritage Award,,,heritage_award,heritage_award.jpg,,,,,,,,,,,,,,,,,,,
logos,,,,,,,,,,Highsky Rtr,,,highsky_rtr,highsky_rtr.jpg,,,,,,,,,,,,,,,,,,,
logos,,,,,,,,,,I Tunes,,,iTunes,iTunes.gif,,,,,,,,,,,,,,,,,,,
logos,,,,,,,,,,Itunes2,,,itunes2,itunes2.gif,,,,,,,,,,,,,,,,,,,
logos,,,,,,,,,,Labore1,,,Labore1,Labore1.jpg,,,,,,,,,,,,,,,,,,,
logos,closing,colophon,A,,,,,,,Made on a Mac,,,made_on_a_mac_2,made_on_a_mac_2.gif,98,36,,,http://www.apple.com/mac/,,,,,,,,,,,,,,
logos,,,,,,,,,,Pspub,,,pspub,pspub.gif,,,,,,,,,,,,,,,,,,,
logos,closing,colophon,D,,,,,,,PowerSurge Publishing,,,pspub_120x216,pspub_120x216.jpg,120,216,,,http://www.powersurgepub.com/products/pstextmerge.html,,,,,,,,,,,,,,
logos,,,,,,,,,,Pspub 75x135,,,pspub_75x135,pspub_75x135.jpg,,,,,,,,,,,,,,,,,,,
logos,,,,,,,,,,R2rlogo,,,r2rlogo,r2rlogo.jpg,,,,,,,,,,,,,,,,,,,
logos,,,,,,,,,,R2rlogo2,,,r2rlogo2,r2rlogo2.jpg,,,,,,,,,,,,,,,,,,,
logos,,,,,,,,,,R2rlogo3,,,r2rlogo3,r2rlogo3.gif,,,,,,,,,,,,,,,,,,,
logos,,,,,,,,,,Reasontorock,,,reasontorock,reasontorock.gif,,,,,,,,,,,,,,,,,,,
logos,,,,,,,,,,Reasontorock 150x150,,,reasontorock_150x150,reasontorock_150x150.gif,,,,,,,,,,,,,,,,,,,
logos,,,,,,,,,,Rss,,,rss,rss.gif,,,,,,,,,,,,,,,,,,,
logos,,,,,,,,,,S101 Logo,,,S101_logo,S101_logo.gif,,,,,,,,,,,,,,,,,,,
logos,,,,,,,,,,Subtitle 360,,,subtitle_360,subtitle_360.gif,,,,,,,,,,,,,,,,,,,
logos,closing,colophon,C,,,,,,,Textile,,,textism,textism.gif,130,77,,,http://textism.com/tools/textile/,,,,,,,,,,,,,,
logos,,,,,,,,,,Title 120,,,title_120,title_120.gif,,,,,,,,,,,,,,,,,,,
logos,,,,,,,,,,Title 190,,,title_190,title_190.gif,,,,,,,,,,,,,,,,,,,
logos,,,,,,,,,,Title 266,,,title_266,title_266.gif,,,,,,,,,,,,,,,,,,,
logos,,,,,,,,,,Title 340,,,title_340,title_340.gif,,,,,,,,,,,,,,,,,,,
logos,,,,,,,,,,Title 340b,,,title_340b,title_340b.gif,,,,,,,,,,,,,,,,,,,
logos,,,,,,,,,,Title 360,,,title_360,title_360.gif,,,,,,,,,,,,,,,,,,,
logos,,,,,,,,,,Title 360b,,,title_360b,title_360b.gif,,,,,,,,,,,,,,,,,,,
logos,,,,,,,,,,Title 380,,,title_380,title_380.gif,,,,,,,,,,,,,,,,,,,
logos,,,,,,,,,,Title 600,,,title_600,title_600.gif,,,,,,,,,,,,,,,,,,,
logos,,,,,,,,,,Title Home,,,title_home,title_home.gif,,,,,,,,,,,,,,,,,,,
logos,,,,,,,,,,Title Xxx,,,title_xxx,title_xxx.gif,,,,,,,,,,,,,,,,,,,
logos,closing,colophon,B,,,,,,,HTML5,,,html5,html5.png,120,140,,,http://www.w3.org/TR/html5/,,,,,,,,,,,,,,
logos,closing,copyrights,A,,,,,,,Creative Commons License,,,creative_commons_license,creative_commons_license.png,88,31,,,http://creativecommons.org/licenses/by-nc-nd/3.0/us/,,,,,,,,,,,,,,
misc,,,,,,,,,,Diagram,,,diagram,diagram.jpg,,,,,,,,,,,,,,,,,,,
misc,,,,,,,,,,Diagram Portrait,,,diagram_portrait.,diagram_portrait.html,,,,,,,,,,,,,,,,,,,
misc,,,,,,,,,,Diagram Portrait,,,diagram_portrait,diagram_portrait.jpg,,,,,,,,,,,,,,,,,,,
misc,,,,,,,,,,Next,,,next,next.gif,,,,,,,,,,,,,,,,,,,
misc,,,,,,,,,,Red Square,,,red_square,red_square.gif,,,,,,,,,,,,,,,,,,,
misc,,,,,,,,,,Right Red Arrow,,,right_red_arrow,right_red_arrow.gif,,,,,,,,,,,,,,,,,,,
misc,,,,,,,,,,Stars,,,stars_na,stars_na.gif,,,,,,,,,,,,,,,,,,,
misc,,,,,,,,,,Stars 3,,,stars_3,stars_3.gif,,,,,,,,,,,,,,,,,,,
misc,,,,,,,,,,Stars 4,,,stars_4,stars_4.gif,,,,,,,,,,,,,,,,,,,
misc,,,,,,,,,,Stars 5,,,stars_5,stars_5.gif,,,,,,,,,,,,,,,,,,,
misc,,,,,,,,,,Stripe,,,stripe,stripe.gif,,,,,,,,,,,,,,,,,,,
misc,,,,,,,,,,Vertical Dots,,,vertical_dots,vertical_dots.gif,,,,,,,,,,,,,,,,,,,
misc,,,,,,,,,,Vertical Dots 2,,,vertical_dots_2,vertical_dots_2.gif,,,,,,,,,,,,,,,,,,,
misc,,,,,,,,,,Vertical Dots 600,,,vertical_dots_600,vertical_dots_600.gif,,,,,,,,,,,,,,,,,,,
misc,,,,,,,,,,Vertical Line,,,vertical_line,vertical_line.gif,,,,,,,,,,,,,,,,,,,
misc,,,,,,,,,,White Pixel,,,white_pixel,white_pixel.gif,,,,,,,,,,,,,,,,,,,
photos,,,,,,,,,,Herb,,,herb,herb.jpg,,,,,,,,,,,,,,,,,,,
photos,,,,,,,,,,Herbc50,,,herbc50,herbc50.jpg,,,,,,,,,,,,,,,,,,,
photos,,,,,,,,,,Stephen,,,stephen,stephen.jpg,,,,,,,,,,,,,,,,,,,
photos,,,,,,,,,,Stephen2,,,stephen2,stephen2.jpg,,,,,,,,,,,,,,,,,,,
sites,,,,,,,,,,Delicious,,,delicious,delicious.png,,,,,,,,,,,,,,,,,,,
sites,,,,,,,,,,Digg,,,digg,digg.png,,,,,,,,,,,,,,,,,,,
sites,,,,,,,,,,Facebook,,,facebook,facebook.png,,,,,,,,,,,,,,,,,,,
sites,,,,,,,,,,Furl,,,furl,furl.png,,,,,,,,,,,,,,,,,,,
sites,,,,,,,,,,Google,,,google,google.png,,,,,,,,,,,,,,,,,,,
sites,,,,,,,,,,Icerocket,,,icerocket,icerocket.png,,,,,,,,,,,,,,,,,,,
sites,,,,,,,,,,Magnoliacom,,,magnoliacom,magnoliacom.png,,,,,,,,,,,,,,,,,,,
sites,,,,,,,,,,Newsvine,,,newsvine,newsvine.png,,,,,,,,,,,,,,,,,,,
sites,,,,,,,,,,Propeller,,,propeller,propeller.png,,,,,,,,,,,,,,,,,,,
sites,,,,,,,,,,Reddit,,,reddit,reddit.png,,,,,,,,,,,,,,,,,,,
sites,,,,,,,,,,Stumbleit,,,stumbleit,stumbleit.png,,,,,,,,,,,,,,,,,,,
sites,,,,,,,,,,Technorati,,,technorati,technorati.png,,,,,,,,,,,,,,,,,,,
sites,,,,,,,,,,Vigillar,,,vigillar,vigillar.png,,,,,,,,,,,,,,,,,,,
sites,,,,,,,,,,Yahoo,,,yahoo,yahoo.png,,,,,,,,,,,,,,,,,,,
,,,,,,,"Berry, Chuck",,,Chuck Berry Anthology,"""School Day""",,,,,,B00004U01E,10,,1957,,,,No,,,,No,berry,MCA,,,
,,,,,,,"Costello, Elvis",,,USA Weekend,"""Transport the Imagination""",,,,,,,0,http://www.usaweekend.com,22 Mar. 2002,,,,No,,,,No,costello,Gannett Co.,,,
,,,,,,,"Di Perna, Alan",,,Guitar World,"""Heart of Stone""",,,,,,,0,http://www.guitarworld.com,Oct. 2002,,,,No,,,,No,di_perna,Stanley R. Harris,New York,,
,,,,,,,"Dylan, Bob",,,Newsweek,"""The Book of Bob""",,,,,,,0,http://www.newsweek.com,4 Oct. 2004,,,,No,,,,No,dylan,MSNBC,New York,,
,,,,,,,"Egan, Sean",,,Uncut,"""You'll Never Hear Surf Music Again""",,,,,,,0,http://www.uncut.net,35915,,,,No,,,,No,egan,IPC Media,London,,
,,,,,,,"Fricke, David",,,Peel Slowly And See,,,,,,,B000002GM5,10,,1995,,,,No,,,,No,fricke,Polygram Records,,,
,,,,,,,"Greenfield, Robert",,,Rolling Stone,"""The Greatest Record Man of All Time""",,,,,,,0,http://www.rollingstone.com,25 Jan. 2007,,,,No,,,,No,greenfield,Rolling Stone,,,
,,,,,,,"Johnson, Robert",,,Complete Recordings,"""Crossroads""",,,,,,B000002ADN,10,,1996,,,,No,,,,No,johnson_crossroads,Sony/Columbia,,,
,,,,,,,"Lennon, John, and Paul McCartney",,,Beatles For Sale,"""I Don't Want to Spoil the Party""",,,,,,B000002UAI,10,,1964,,,,No,,,,No,lennon_party,Emd/Capitol,,,
,,,,,,,"McCartney, Paul",,,TV Guide,"""Listen to What the Man Says""",,,,,,,0,http://www.tvguide.com,35554,,,,No,,,,No,mccartney,,,,
,,,,,,,"Mitchell, Joni",,,Super Seventies,"""Joni Mitchell - In Her Own Words""",,,,,,,0,http://www.superseventies.com/ssjonimitchell.html,1996,,,,No,,,,No,mitchell,Super Seventies RockSite,,,
,,,,,,,"Pelecanos, George P",,,Uncut,"""Thunder Road""",,,,,,,0,http://www.uncut.net/,Apr. 2003,,,,No,,,,No,pelecanos,IPC Media,London,,
,,,,,,,"Reed, Lou",,,Loaded,"""Rock and Roll""",,,,,,B0000033WC,10,,1970,,,,No,,,,No,reed,Polygram,,,
,,,,,,,"Robertson, Robbie",,,Rolling Stone,"""Bob Dylan""",,,,,,,0,http://www.rollingstone.com,15 Apr. 2004,,,,No,,,,No,robertson,,,,
,,,,,,,Rolling Stone,,,Rolling Stone,,,,,,,,0,http://www.rollingstone.com,1972,,,,No,,,,No,rolling_stone,,,,
,,,,,,,"Seger, Bob",,,Bob Seger: Greatest Hits,,,,,,,B000002TSS,10,,1994,,,,No,,,,No,seger,Capitol,,,
,,,,,,,"Springsteen, Bruce",,,UpClose,"""Re-Born in the USA""",,,,,,,0,http://abcnews.go.com/sections/UpClose/Nightline/ntl_springsteen_020730.html,28 Apr. 2003,,,,No,,,,No,springsteen,ABC News,,,
,,,,,,,"T-T, Chris",,,Uncut,"""Thunder Road""",,,,,,,0,http://www.uncut.net/,Apr. 2003,,,,No,,,,No,t-t,IPC Media,London,,